Date,actual_return,pred_return,residual
2020-06-12,0.10737664,0.0014891452,0.105887495
2020-06-15,0.08150874,0.0018504822,0.079658255
2020-06-16,0.06379424,-0.0058238083,0.06961805
2020-06-17,0.069644414,-0.0024692833,0.0721137
2020-06-18,0.037442014,0.010050075,0.027391938
2020-06-19,-0.010088771,-0.008787081,-0.00130169
2020-06-22,-0.013171765,-0.017809218,0.004637453
2020-06-23,-0.009762438,-0.0038877383,-0.0058747
2020-06-24,0.0056428225,-0.0041765147,0.009819337
2020-06-25,0.028880257,0.011296568,0.017583689
2020-06-26,0.030732771,0.010151723,0.020581048
2020-06-29,0.07903286,0.008445209,0.07058765
2020-06-30,0.074391365,0.0008929085,0.07349846
2020-07-01,0.03897142,-0.0005976247,0.039569046
2020-07-02,0.036299583,-0.0040414957,0.04034108
2020-07-03,0.050422363,-0.0080614835,0.058483846
2020-07-06,0.04492931,-0.013374652,0.058303963
2020-07-07,0.05130388,-0.012572065,0.06387594
2020-07-08,0.025583921,-0.0065147155,0.032098636
2020-07-09,0.010497488,-0.0043336377,0.014831126
2020-07-10,0.017917488,-0.004973805,0.022891292
2020-07-13,-0.0078037446,-0.0046437215,-0.0031600231
2020-07-14,0.028455857,-0.0071908375,0.035646696
2020-07-15,0.08676799,-0.005646698,0.092414685
2020-07-16,0.11630687,-0.009243933,0.1255508
2020-07-17,0.12263944,-0.010004928,0.13264437
2020-07-20,0.12307941,0.01307803,0.110001385
2020-07-21,0.104562335,0.006898419,0.09766392
2020-07-22,0.0462325,0.0012788281,0.04495367
2020-07-23,0.024808023,-0.012569564,0.03737759
2020-07-24,-0.036833346,-0.007007916,-0.02982543
2020-07-27,-0.068268225,-0.0132697085,-0.054998517
2020-07-28,-0.012444177,-0.019444747,0.00700057
2020-07-29,0.014213103,-0.0049035195,0.019116621
2020-07-30,0.011973306,0.007668555,0.004304751
2020-07-31,0.03838714,0.012831562,0.025555577
2020-08-03,0.05517666,0.020662151,0.03451451
2020-08-04,-0.007811805,0.034816753,-0.042628556
2020-08-05,0.0005408473,0.043914773,-0.043373924
2020-08-06,-0.0056463666,0.035492238,-0.041138604
2020-08-07,-0.015211198,0.020869441,-0.03608064
2020-08-10,-0.013444221,0.006282019,-0.01972624
2020-08-11,-0.0071468414,0.014581877,-0.021728719
2020-08-12,0.0018565761,0.015817808,-0.013961232
2020-08-13,-0.011781033,0.010459122,-0.022240154
2020-08-14,-0.015115015,0.01378835,-0.028903365
2020-08-17,0.0021038603,0.007122854,-0.0050189933
2020-08-18,-0.017205182,0.007302047,-0.02450723
2020-08-19,0.0026975768,0.00913935,-0.006441773
2020-08-20,0.0064615095,0.008235847,-0.0017743371
2020-08-21,0.016475776,0.0069503314,0.009525444
2020-08-24,-0.007181218,0.008534325,-0.015715543
2020-08-25,0.0024735003,0.008551,-0.006077499
2020-08-26,-0.004257704,0.005145135,-0.0094028395
2020-08-27,0.0007106647,-0.008557981,0.009268645
2020-08-28,-0.018382452,-0.0076366575,-0.010745795
2020-08-31,0.00093708205,-0.0062934705,0.0072305524
2020-09-01,0.009510056,-0.008822807,0.018332863
2020-09-02,0.01557642,-0.012846917,0.028423337
2020-09-03,0.09559221,0.00025177747,0.09534043
2020-09-04,0.11674077,-0.0034399636,0.12018073
2020-09-07,0.10558677,0.0065520145,0.09903476
2020-09-08,0.10049373,-0.00224271,0.102736436
2020-09-09,0.07550827,-0.00444958,0.07995784
2020-09-10,-0.0065904045,-0.021512773,0.014922368
2020-09-11,-0.006056473,-0.029561935,0.023505462
2020-09-14,-0.020281853,-0.03393942,0.013657568
2020-09-15,-0.046445534,0.2878576,-0.33430314
2020-09-16,-0.040330254,-0.00027505518,-0.040055197
2020-09-17,-0.051136598,0.012594926,-0.06373152
2020-09-18,-0.04510567,-0.0022633101,-0.04284236
2020-09-21,-0.017554412,-0.003913306,-0.013641106
2020-09-22,0.015331285,-0.007910104,0.02324139
2020-09-23,0.0015914773,-0.01337516,0.014966638
2020-09-24,0.020195354,-0.007202638,0.027397992
2020-09-25,0.0047689998,-0.014341461,0.01911046
2020-09-28,-0.002662142,-0.013339922,0.01067778
2020-09-29,0.0055456376,-0.013170304,0.01871594
2020-09-30,0.00219296,-0.011185755,0.013378715
2020-10-01,0.003684922,-0.011290262,0.014975185
2020-10-05,0.011233217,-0.010875258,0.022108475
2020-10-06,0.031827696,-0.020362316,0.052190013
2020-10-07,0.013289124,-0.024518292,0.037807416
2020-10-08,-0.014625473,-0.021345267,0.006719794
2020-10-09,-0.025812034,-0.016463526,-0.009348508
2020-10-12,-0.027201137,-0.016434548,-0.010766588
2020-10-13,-0.054720126,-0.022233648,-0.032486476
2020-10-14,-0.07121322,-0.01209197,-0.05912125
2020-10-15,-0.04511672,-0.0141366,-0.030980118
2020-10-16,-0.028839976,-0.011359832,-0.017480142
2020-10-19,-0.06759486,-0.013623584,-0.05397128
2020-10-20,-0.05631066,-0.00487663,-0.051434033
2020-10-21,-0.053257063,-0.0016793528,-0.05157771
2020-10-22,-0.03799332,0.0010423467,-0.039035667
2020-10-23,-0.027708763,-0.00031996943,-0.027388794
2020-10-26,-0.074737474,0.006478821,-0.0812163
2020-10-27,-0.09048905,-0.0007963215,-0.089692734
2020-10-28,-0.04884536,8.35644e-05,-0.048928924
2020-10-29,-0.035472866,0.011183432,-0.0466563
2020-10-30,-0.01233873,0.013757953,-0.026096683
2020-11-02,0.09227932,-0.00939295,0.10167227
2020-11-03,0.12654017,0.00069884956,0.12584132
2020-11-04,0.043905392,-0.0044554854,0.048360877
2020-11-05,0.012787694,0.010342686,0.0024450077
2020-11-06,-0.016139807,0.020612128,-0.036751933
2020-11-09,-0.023601603,-0.0019282091,-0.021673394
2020-11-10,-0.043798465,0.015003992,-0.058802456
2020-11-11,-0.005006931,0.0015544351,-0.006561366
2020-11-12,-0.0034594757,0.016455606,-0.019915082
2020-11-13,-0.04853738,0.01612115,-0.06465853
2020-11-14,-0.025770409,0.016921518,-0.042691927
2020-11-17,-0.014649354,0.012647625,-0.027296979
2020-11-18,-0.019827008,0.014270195,-0.034097202
2020-11-19,-0.010414934,0.0022051006,-0.012620035
2020-11-20,0.01595155,0.002047313,0.013904236
2020-11-23,0.0021530818,0.010513795,-0.008360713
2020-11-24,-0.0030040513,0.0101140505,-0.013118101
2020-11-25,0.008342917,-0.0018635564,0.010206474
2020-11-26,-0.0029958847,0.0054792883,-0.008475173
2020-11-27,0.014716544,0.0061432407,0.008573303
2020-12-01,0.019873116,0.0065775756,0.013295541
2020-12-02,0.035135243,0.0042463937,0.03088885
2020-12-03,0.021868056,0.0051242136,0.016743843
2020-12-04,0.030332638,-0.008834477,0.039167114
2020-12-07,0.016903246,-0.005881768,0.022785014
2020-12-08,-0.009730344,-0.0059765773,-0.0037537664
2020-12-09,-0.024865044,-0.0074137086,-0.017451335
2020-12-10,-0.0106627485,-0.00634621,-0.0043165386
2020-12-11,-0.007104497,-0.0039500464,-0.0031544506
2020-12-14,-0.025912633,-0.0055943504,-0.020318283
2020-12-15,-0.019069599,-0.0031551616,-0.015914436
2020-12-16,-0.01654392,-0.0045775175,-0.011966402
2020-12-17,0.004306132,-0.004725161,0.009031293
2020-12-18,0.005899998,-0.0018451636,0.0077451617
2020-12-21,0.025957689,-0.00036372826,0.026321417
2020-12-22,0.030360837,-0.001979042,0.03233988
2020-12-23,0.021323608,-0.0043089474,0.025632557
2020-12-24,-0.0033348235,-0.002257939,-0.0010768846
2020-12-28,-0.0062148618,-0.0025271166,-0.0036877452
2020-12-29,-0.012034941,-0.003831032,-0.00820391
2020-12-30,-0.0407165,-0.0024821418,-0.038234357
2020-12-31,-0.03734934,-0.0024303594,-0.03491898
2021-01-01,-0.027069239,-0.0016169678,-0.025452271
2021-01-04,-0.047015026,0.00050778786,-0.047522813
2021-01-05,-0.004603048,0.003443714,-0.008046762
2021-01-06,0.012824838,0.003144443,0.009680395
2021-01-07,0.025874335,0.0034593618,0.022414973
2021-01-08,0.0019393698,0.0058847046,-0.003945335
2021-01-11,0.04569773,0.0044315355,0.041266195
2021-01-12,0.030326312,0.004880805,0.025445508
2021-01-13,0.059779234,-0.00139588,0.061175115
2021-01-14,0.07079461,-0.0033372974,0.074131906
2021-01-15,0.057885338,-0.00043847162,0.058323808
2021-01-18,-0.021648709,-0.0090402365,-0.012608472
2021-01-19,-0.060206257,-0.0033143866,-0.05689187
2021-01-20,-0.086703554,-0.0077193,-0.07898425
2021-01-21,-0.122630246,0.0020068388,-0.12463708
2021-01-22,-0.07528295,-0.005370807,-0.06991215
2021-01-25,-0.00783094,0.00019670298,-0.008027643
2021-01-27,0.0188127,0.004588926,0.014223773
2021-01-28,0.025445513,0.006326824,0.019118689
2021-01-29,0.04440941,0.00666393,0.03774548
2021-02-01,0.029625962,0.010532337,0.019093625
2021-02-02,0.015759494,0.0049828137,0.01077668
2021-02-03,0.02260885,-0.0024574427,0.025066294
2021-02-04,0.068284504,-0.0056555266,0.07394003
2021-02-05,0.06126065,0.0079610925,0.05329956
2021-02-08,0.041584335,-0.00042419386,0.04200853
2021-02-09,0.052833445,-0.006074386,0.058907833
2021-02-10,0.05518408,-0.00683952,0.062023602
2021-02-11,0.0058374796,-0.0042352863,0.010072766
2021-02-12,0.018955788,-0.0053833066,0.024339095
2021-02-15,-0.012053466,-0.005232811,-0.0068206554
2021-02-16,-0.017504243,-0.004420476,-0.013083767
2021-02-17,-0.010680386,0.018610401,-0.029290788
2021-02-18,0.037070226,0.0029543696,0.034115855
2021-02-19,0.0026437459,-0.0016349056,0.0042786514
2021-02-22,0.04661122,0.002478003,0.044133216
2021-02-23,0.040796567,0.00059170026,0.040204868
2021-02-24,0.06846188,-0.0023264065,0.07078829
2021-02-25,0.014689699,-0.018823348,0.033513047
2021-02-26,0.044539217,-0.015970455,0.060509674
2021-03-01,0.042537045,-0.014814204,0.057351246
2021-03-02,0.04038462,-0.006536089,0.04692071
2021-03-03,-0.009150435,-0.032333896,0.023183461
2021-03-04,-0.01757928,-0.02249088,0.0049115997
2021-03-05,-0.03203743,-0.023414494,-0.008622935
2021-03-08,-0.041303568,-0.018655106,-0.022648461
2021-03-09,-0.061933678,-0.009896156,-0.052037522
2021-03-10,-0.07921803,-0.017290441,-0.061927587
2021-03-12,-0.026010517,-0.0010596468,-0.02495087
2021-03-15,-0.022049453,0.0071438644,-0.029193318
2021-03-16,-0.006236305,0.010090887,-0.016327191
2021-03-17,-0.0039167,0.011124071,-0.01504077
2021-03-18,-0.008785084,0.012372695,-0.021157779
2021-03-19,-0.04195487,0.014202033,-0.056156904
2021-03-22,-0.016049232,0.012496098,-0.028545331
2021-03-23,-0.040431198,0.0104730865,-0.050904285
2021-03-24,-0.012430909,0.012671755,-0.025102664
2021-03-25,0.00057751127,0.023443898,-0.022866387
2021-03-26,-0.00518879,0.021157835,-0.026346624
2021-03-30,-0.013034018,0.01461314,-0.027647158
2021-03-31,0.0011233068,0.011336247,-0.010212941
2021-04-01,-0.019684948,0.011980179,-0.031665128
2021-04-05,-0.04087614,0.012879058,-0.053755198
2021-04-06,-0.026457729,0.016021565,-0.04247929
2021-04-07,-0.029233344,0.0031628031,-0.032396145
2021-04-08,-0.036527254,0.002050877,-0.03857813
2021-04-09,-0.040538933,0.0016575499,-0.042196482
2021-04-12,-0.0052325795,-0.001658279,-0.0035743006
2021-04-13,-0.013148425,0.007938056,-0.02108648
2021-04-15,-0.020547222,0.007901126,-0.028448347
2021-04-16,0.0029760469,0.010357208,-0.0073811607
2021-04-19,0.045722317,0.004778358,0.040943958
2021-04-20,0.05057458,0.0049292087,0.04564537
2021-04-22,0.061713323,-6.38433e-05,0.061777167
2021-04-23,0.04733899,0.0034934813,0.04384551
2021-04-26,0.010940016,-0.009196383,0.0201364
2021-04-27,-0.036230627,-0.009221,-0.027009629
2021-04-28,-0.03865217,-0.0017061365,-0.036946032
2021-04-29,-0.04597224,-0.006691112,-0.039281126
2021-04-30,-0.03146153,-0.0033322833,-0.028129246
2021-05-03,-0.016768314,0.0012801718,-0.018048486
2021-05-04,0.008635136,0.0034851176,0.0051500187
2021-05-05,-0.003619556,0.0073466036,-0.010966159
2021-05-06,0.0032625713,0.005574475,-0.0023119038
2021-05-07,0.014805235,-0.00083919195,0.015644427
2021-05-10,0.032057945,-0.004685777,0.036743723
2021-05-11,0.03305484,-0.005384246,0.038439088
2021-05-12,0.037764978,-0.005815489,0.043580465
2021-05-14,0.033680797,-0.0044555804,0.038136378
2021-05-17,0.012905848,-0.0034216046,0.016327452
2021-05-18,-0.012475186,-0.0071001113,-0.0053750747
2021-05-19,-0.013520044,-0.0054648602,-0.008055184
2021-05-20,-0.004684204,-0.0034769073,-0.0012072965
2021-05-21,0.04606634,-0.0029528232,0.04901916
2021-05-24,0.087956086,-0.0031234846,0.09107957
2021-05-25,0.10480609,0.00047720736,0.10432888
2021-05-26,0.11735758,-0.00071847055,0.11807605
2021-05-27,0.11818733,0.0010438627,0.11714347
2021-05-28,0.04568455,0.0037510146,0.041933537
2021-05-31,0.031060494,0.012114211,0.018946283
2021-06-01,0.021070518,-0.004742727,0.025813244
2021-06-02,-0.011925121,-0.0034526435,-0.008472477
2021-06-03,-0.012060653,0.015596965,-0.027657619
2021-06-04,0.013862308,-0.006969888,0.020832196
2021-06-07,0.01137025,0.018220775,-0.006850525
2021-06-08,0.01952681,0.006409966,0.013116844
2021-06-09,0.02037249,0.0065703033,0.013802186
2021-06-10,0.01849472,-0.0017241521,0.020218872
2021-06-11,0.0056480304,-0.0011087784,0.0067568086
2021-06-14,-0.0034076578,0.0003389879,-0.0037466458
2021-06-15,-0.0107778525,-0.0042445906,-0.006533262
2021-06-16,-0.0028259943,-0.0018185788,-0.0010074155
2021-06-17,-0.028050395,0.0011173609,-0.029167756
2021-06-18,-0.054455947,-0.001596794,-0.052859154
2021-06-21,-0.06760531,-0.007764909,-0.0598404
2021-06-22,-0.061979122,-0.008654138,-0.053324983
2021-06-23,-0.042941052,-0.005830248,-0.037110806
2021-06-24,-0.025795177,-0.0010667141,-0.024728462
2021-06-25,0.011689518,-0.0005413146,0.012230832
2021-06-28,0.030776562,-0.003951351,0.034727912
2021-06-29,0.017722009,-0.0027541565,0.020476166
2021-06-30,-0.00028421223,-0.0013791493,0.0010949371
2021-07-01,-0.0025501847,-0.004954862,0.0024046772
2021-07-02,-0.027171746,-0.003731848,-0.023439897
2021-07-05,-0.030741265,-0.0028226557,-0.027918609
2021-07-06,-0.011812851,-0.0020647594,-0.009748092
2021-07-07,-0.01139785,-0.0019827732,-0.009415077
2021-07-08,-0.004898155,-0.0019768637,-0.0029212914
2021-07-09,0.019891877,-0.0037542912,0.023646168
2021-07-12,0.007125344,-0.0026755894,0.009800933
2021-07-13,-0.0028099886,-0.0027532927,-5.669589e-05
2021-07-14,0.016634667,-0.002175963,0.01881063
2021-07-15,0.011213272,0.0011855918,0.010027681
2021-07-16,-0.016829243,-0.0039371178,-0.012892125
2021-07-19,-0.020939067,-0.001471924,-0.019467143
2021-07-20,-0.026960485,-0.002899354,-0.02406113
2021-07-22,-0.031805526,-0.005087024,-0.026718503
2021-07-23,-0.033433117,-0.004507271,-0.028925845
2021-07-26,-0.002094461,-0.0045365375,0.0024420766
2021-07-27,0.015936706,-0.0026959188,0.018632624
2021-07-28,0.032591455,-0.0026076997,0.035199154
2021-07-29,0.0394497,-0.0006392304,0.04008893
2021-07-30,0.026408965,0.00052938337,0.02587958
2021-08-02,0.0022435787,-0.0006522078,0.0028957864
2021-08-03,0.00014366485,-0.0039893677,0.0041330326
2021-08-04,0.006440871,-0.004817126,0.011257997
2021-08-05,-0.011128013,-0.0029031127,-0.008224901
2021-08-06,0.02709357,-0.0042682732,0.031361844
2021-08-09,0.046385724,-0.002309451,0.048695177
2021-08-10,0.036493532,-0.0010192014,0.037512735
2021-08-11,0.02614174,-0.0018210661,0.027962806
2021-08-12,0.017886749,-0.0011373614,0.01902411
2021-08-13,0.007783245,-0.0018930566,0.009676302
2021-08-16,0.0046930057,-0.0013491783,0.006042184
2021-08-17,0.017719697,-0.0011103721,0.018830068
2021-08-18,0.026603382,-0.0030415242,0.029644907
2021-08-20,0.0368439,-0.0020783048,0.038922206
2021-08-23,0.049899444,-0.0013396614,0.051239107
2021-08-24,0.034093473,-0.0029154362,0.037008908
2021-08-25,0.029283443,-0.0024533505,0.031736795
2021-08-26,0.02867141,-0.0042957235,0.032967135
2021-08-27,0.07232653,0.0006296193,0.071696915
2021-08-30,0.06842862,0.0005485103,0.06788011
2021-08-31,0.08092907,0.0044992147,0.07642986
2021-09-01,0.072449505,-0.0013376456,0.07378715
2021-09-02,0.057182755,0.0013703735,0.05581238
2021-09-03,-0.0070964564,0.0061211004,-0.013217557
2021-09-06,-0.023561262,-0.0055360263,-0.018025234
2021-09-07,-0.025646288,-0.014542887,-0.011103401
2021-09-08,-0.001295522,-0.010369567,0.009074045
2021-09-09,-0.014450096,-0.00429523,-0.010154866
2021-09-13,0.0096138455,-0.0034304108,0.013044257
2021-09-14,0.01530544,0.004517164,0.010788276
2021-09-15,0.021948524,0.002236065,0.01971246
2021-09-16,0.025409747,0.0022733558,0.02313639
2021-09-17,0.03854758,-0.0019127616,0.04046034
2021-09-20,0.054336213,-0.00544442,0.05978063
2021-09-21,0.0596124,-0.0044273627,0.06403977
2021-09-22,0.040053472,-0.008824209,0.04887768
2021-09-23,0.011787524,-0.008056791,0.019844316
2021-09-24,0.016514301,-0.008828133,0.025342435
2021-09-27,0.012557358,-0.0064574657,0.019014824
2021-09-28,0.02399863,-0.0050640195,0.02906265
2021-09-29,0.012658906,-0.010068623,0.02272753
2021-09-30,0.02109772,-0.0025486287,0.02364635
2021-10-01,0.058465905,-0.001056142,0.059522048
2021-10-04,0.037751902,-0.0035006655,0.04125257
2021-10-05,0.022459088,0.0003003654,0.022158723
2021-10-06,0.05277646,0.009590904,0.043185554
2021-10-07,0.049758904,-0.0007883547,0.050547257
2021-10-08,0.0136078475,0.0001720859,0.013435761
2021-10-11,0.029856967,-0.00607496,0.035931926
2021-10-12,0.012219791,-0.010245762,0.022465553
2021-10-13,-0.02688358,-0.004819624,-0.022063956
2021-10-14,-0.027033085,0.006429601,-0.033462685
2021-10-18,-0.039075475,-0.0010161684,-0.038059305
2021-10-19,-0.025916498,-0.00027816516,-0.025638333
2021-10-20,-0.027033085,0.0022083602,-0.029241445
2021-10-21,-0.009113619,0.011664095,-0.020777714
2021-10-22,-0.034692008,0.006243189,-0.040935196
2021-10-25,-0.024598014,0.0052304207,-0.029828435
2021-10-26,-0.06022057,0.0109531,-0.07117367
2021-10-27,-0.054730758,0.0047764103,-0.05950717
2021-10-28,-0.038385957,0.0041717966,-0.042557754
2021-10-29,-0.013523815,0.004530881,-0.018054696
2021-11-01,-0.0063441736,0.011039979,-0.017384153
2021-11-02,0.019633695,0.011535706,0.0080979895
2021-11-03,0.02856738,0.008201174,0.020366205
2021-11-04,0.037717465,0.0046315067,0.033085957
2021-11-08,0.030316165,0.0025412848,0.02777488
2021-11-09,-0.0015069897,0.0008419052,-0.002348895
2021-11-10,-0.033687524,0.0008300532,-0.03451758
2021-11-11,-0.0318062,0.0017846982,-0.033590898
2021-11-12,-0.08844619,0.0056531182,-0.09409931
2021-11-15,-0.07446265,-0.0010613758,-0.07340128
2021-11-16,-0.06612644,0.0019736632,-0.06810011
2021-11-17,0.011749088,0.002439959,0.009309129
2021-11-18,-0.024541926,0.0037931204,-0.028335046
2021-11-22,0.032892544,0.0048633837,0.02802916
2021-11-23,0.008194053,0.0062977234,0.0018963292
2021-11-24,0.04916217,0.0009562232,0.04820595
2021-11-25,-0.0040513896,0.011798075,-0.015849466
2021-11-26,-0.0018030957,0.0074190865,-0.009222182
2021-11-29,-0.032316256,0.005471654,-0.03778791
2021-11-30,-0.0097904,0.007842309,-0.017632708
2021-12-01,-0.019821784,0.008545332,-0.028367115
2021-12-02,-0.010632953,0.017364021,-0.027996974
2021-12-03,0.021052616,0.0096181575,0.011434458
2021-12-06,0.019914512,0.019137044,0.0007774681
2021-12-07,-0.000713767,0.02085698,-0.021570748
2021-12-08,-0.0185682,0.010729771,-0.02929797
2021-12-09,-0.021392776,0.008307591,-0.029700367
2021-12-10,-0.048191212,0.00366196,-0.051853172
2021-12-13,-0.054904155,0.0019782288,-0.056882385
2021-12-14,-0.028947769,0.004686544,-0.033634312
2021-12-15,-0.002991859,0.008292984,-0.011284843
2021-12-16,-0.0160779,0.0060150772,-0.022092978
2021-12-17,0.01382198,0.008597449,0.0052245306
2021-12-20,0.04079292,0.017566392,0.023226527
2021-12-21,0.037706986,0.015354078,0.022352908
2021-12-22,0.015384024,0.118207864,-0.10282384
2021-12-23,-0.0026000494,0.007074522,-0.009674571
2021-12-24,-0.001959633,0.007581578,-0.009541212
2021-12-27,0.014175765,0.011150558,0.0030252077
2021-12-28,0.024891451,0.0068106586,0.018080793
2021-12-29,0.027929189,0.008925364,0.019003823
2021-12-30,0.024331184,0.008631765,0.01569942
2021-12-31,0.02865105,5.099779e-05,0.028600052
2022-01-03,0.01420641,-0.0022523727,0.016458783
2022-01-04,-0.0010372754,-0.0025948773,0.0015576018
2022-01-05,0.020853678,-0.0069292127,0.027782891
2022-01-06,0.049162004,-0.004238735,0.05340074
2022-01-07,0.042282406,-0.0017627795,0.044045188
2022-01-10,0.046862055,0.0063866675,0.040475387
2022-01-11,0.026979575,-0.0048123263,0.031791903
2022-01-12,0.00019824851,-0.005542477,0.0057407254
2022-01-13,-0.022817658,-0.006322433,-0.016495226
2022-01-14,-0.024084276,-0.0067525874,-0.017331688
2022-01-17,-0.06831224,-0.0076992335,-0.06061301
2022-01-18,-0.05890624,-0.006265572,-0.052640665
2022-01-19,-0.07277141,-0.002532185,-0.07023922
2022-01-20,-0.05715563,-0.0012838359,-0.055871796
2022-01-21,-0.036826108,-6.8972135e-05,-0.036757134
2022-01-24,0.0003365479,0.0037564235,-0.0034198756
2022-01-25,0.004339947,0.003909334,0.00043061282
2022-01-27,0.006265857,0.0065951427,-0.00032928586
2022-01-28,-0.0019479063,0.0036388899,-0.0055867964
2022-01-31,-0.029120991,-0.0031706605,-0.025950331
2022-02-01,-0.009522127,0.008708162,-0.01823029
2022-02-02,-2.0935142e-05,-0.009610909,0.009589974
2022-02-03,0.012028698,0.007816281,0.0042124167
2022-02-04,0.019345386,0.004710833,0.014634553
2022-02-07,0.009257262,-0.0063536675,0.01561093
2022-02-08,0.026272826,-0.00625252,0.032525346
2022-02-09,0.012355818,-0.0012832066,0.013639025
2022-02-10,0.026227834,-0.008291421,0.034519255
2022-02-11,0.020198733,-0.011508817,0.031707548
2022-02-14,0.026234135,-0.0065625836,0.03279672
2022-02-15,-0.011972961,-0.0024883011,-0.00948466
2022-02-16,-0.01612133,-0.001914149,-0.014207181
2022-02-17,-0.07683647,-0.0029076426,-0.073928826
2022-02-18,-0.057931796,-0.0025983497,-0.055333447
2022-02-21,-0.016813206,-0.001756756,-0.01505645
2022-02-22,0.003997463,-0.001248149,0.005245612
2022-02-23,0.0017902238,-0.002871617,0.004661841
2022-02-24,0.030943071,-0.0027046672,0.03364774
2022-02-25,-0.019440101,-0.0033277203,-0.016112382
2022-02-28,-0.05257367,0.0007655068,-0.053339176
2022-03-02,-0.018531973,-0.003175598,-0.015356375
2022-03-03,0.005865416,-0.0024751462,0.008340562
2022-03-04,0.03164832,0.010566413,0.021081906
2022-03-07,0.080060445,0.029718567,0.050341878
2022-03-08,0.057235602,0.012975956,0.044259645
2022-03-09,0.020921024,0.01750594,0.0034150835
2022-03-10,0.037391674,0.0075321123,0.029859561
2022-03-11,0.028447686,0.017042104,0.011405582
2022-03-14,0.0464273,0.0025570712,0.043870226
2022-03-15,0.07436165,0.01693248,0.057429172
2022-03-16,0.07293969,0.022513798,0.050425887
2022-03-17,0.04599676,0.01510998,0.03088678
2022-03-21,0.062636815,0.016412985,0.04622383
2022-03-22,0.0361101,0.010279403,0.025830697
2022-03-23,0.052674007,0.008474904,0.0441991
2022-03-24,0.021755632,0.0005540475,0.021201584
2022-03-25,0.023113659,0.0040574973,0.019056162
2022-03-28,0.015923325,-0.0021494385,0.018072763
2022-03-29,0.0013345681,0.008936351,-0.007601783
2022-03-30,-0.020164985,0.0043581696,-0.024523154
2022-03-31,-0.023493621,0.0067273104,-0.030220931
2022-04-01,-0.015136213,0.0039253286,-0.019061541
2022-04-04,-0.02008484,0.0034890438,-0.023573883
2022-04-05,-0.024752023,0.006739685,-0.031491708
2022-04-06,-0.025734553,-0.0015801552,-0.024154399
2022-04-07,-0.01127162,0.00011230842,-0.011383928
2022-04-08,0.009615038,-0.0009374304,0.010552468
2022-04-11,0.041471772,0.0013259667,0.040145807
2022-04-12,0.086312175,0.0014154939,0.08489668
2022-04-13,0.08118287,0.0018986177,0.07928425
2022-04-18,0.05941788,-0.0011041997,0.06052208
2022-04-19,0.051064096,0.0009045552,0.05015954
2022-04-20,0.022034738,-0.009413131,0.03144787
2022-04-21,0.013569026,-0.017748527,0.031317554
2022-04-22,0.011399926,-0.0020924017,0.013492327
2022-04-25,0.031706832,0.00026481756,0.031442016
2022-04-26,-0.02954267,0.0036402075,-0.033182878
2022-04-27,-0.049471885,0.020495381,-0.06996727
2022-04-28,-0.070642166,0.015038151,-0.08568032
2022-04-29,-0.09746444,0.007906273,-0.105370715
2022-05-02,-0.109982215,0.00876746,-0.11874968
2022-05-04,-0.0907133,0.0074881995,-0.0982015
2022-05-05,-0.09144608,0.012054074,-0.10350015
2022-05-06,-0.07404658,0.013628109,-0.08767469
2022-05-09,-0.036175255,0.024337148,-0.0605124
2022-05-10,0.022023264,0.037885234,-0.01586197
2022-05-11,0.036357306,0.017907111,0.018450195
2022-05-12,0.03352921,0.019943396,0.013585815
2022-05-13,0.08153388,0.031778496,0.049755383
2022-05-16,0.07403601,0.014217583,0.059818424
2022-05-17,0.034280438,0.017406235,0.016874203
2022-05-18,0.029014984,0.0276503,0.0013646837
2022-05-19,0.04324859,0.029447127,0.013801463
2022-05-20,-0.018803934,0.026299665,-0.0451036
2022-05-23,0.0222102,0.06932568,-0.04711548
2022-05-24,0.0064222524,0.033706088,-0.027283836
2022-05-25,0.008231203,0.033947345,-0.02571614
2022-05-26,0.05303253,0.04772035,0.0053121783
2022-05-27,0.079375505,0.063052,0.016323507
2022-05-30,0.038558308,0.03740483,0.0011534765
2022-05-31,0.053216454,0.06503287,-0.011816416
2022-06-01,0.034383964,0.020579403,0.0138045605
2022-06-02,0.02732799,0.018540379,0.0087876115
2022-06-03,-0.023475382,0.015966548,-0.03944193
2022-06-06,-0.037813272,0.020611633,-0.058424905
2022-06-07,-0.052168436,0.010893958,-0.06306239
2022-06-08,-0.046897195,-0.0006255893,-0.046271607
2022-06-09,-0.08530597,0.026423015,-0.11172898
2022-06-10,-0.04577695,0.031730037,-0.07750699
2022-06-13,-0.045007233,0.026092319,-0.07109955
2022-06-14,-0.016742114,0.03669718,-0.053439293
2022-06-15,-0.034934383,0.037255496,-0.07218988
2022-06-16,-0.03712902,0.038249854,-0.07537887
2022-06-17,-0.03472964,0.037339047,-0.07206869
2022-06-20,-0.019818835,0.033029158,-0.052847993
2022-06-21,-0.021825815,0.029110182,-0.050936
2022-06-22,0.02975346,0.032558043,-0.002804583
2022-06-23,0.05302352,0.03285735,0.02016617
2022-06-24,-0.03653934,0.032673314,-0.06921265
2022-06-27,-0.031673137,0.032979682,-0.064652815
2022-06-28,-0.037366044,0.023919579,-0.061285622
2022-06-29,-0.06522874,0.020003181,-0.085231915
2022-06-30,-0.0799607,0.018293688,-0.09825438
2022-07-01,-0.0071821827,0.013911401,-0.021093585
2022-07-04,0.00422598,0.028984424,-0.024758443
2022-07-05,-0.0052605127,0.023867369,-0.02912788
2022-07-06,-0.014221467,0.03683604,-0.051057506
2022-07-07,0.003789455,0.04221676,-0.038427304
2022-07-08,0.0043488527,0.049352605,-0.045003753
2022-07-11,-0.0006807979,0.0390613,-0.039742097
2022-07-12,0.006879088,0.014859219,-0.007980131
2022-07-13,0.052764326,0.006581413,0.04618291
2022-07-14,0.03719001,0.008853176,0.028336834
2022-07-15,0.04217675,0.00514761,0.03702914
2022-07-18,-0.0007636643,0.0029389325,-0.0037025968
2022-07-19,-0.006401121,0.0058686044,-0.012269726
2022-07-20,-0.033479717,0.0010326668,-0.034512382
2022-07-21,-0.011744276,0.0030479268,-0.014792202
2022-07-22,0.0025368154,-0.0016082815,0.004145097
2022-07-25,0.06381155,0.0012029096,0.06260864
2022-07-26,0.067375496,0.00742814,0.059947357
2022-07-27,0.07736018,0.012228873,0.06513131
2022-07-28,0.04672183,0.01165765,0.035064183
2022-07-29,0.009783008,0.010868816,-0.0010858076
2022-08-01,-0.0029903168,0.006166805,-0.009157122
2022-08-02,-0.00083172665,0.004308053,-0.0051397793
2022-08-03,-0.0058510182,0.004892284,-0.010743302
2022-08-04,0.02375668,0.0030514388,0.02070524
2022-08-05,0.046290357,0.0056001544,0.040690202
2022-08-08,0.038174637,0.0002410432,0.03793359
2022-08-10,0.03387539,0.01437281,0.01950258
2022-08-11,0.012071378,0.0064592473,0.0056121303
2022-08-12,-0.0067965453,0.00488797,-0.0116845155
2022-08-16,0.001560013,-0.008957253,0.010517266
2022-08-17,-0.0062987227,-0.01019291,0.0038941875
2022-08-18,-0.01099098,-0.005483116,-0.005507864
2022-08-19,0.0015877553,-0.0023495022,0.0039372575
2022-08-22,-0.00343353,0.0003671282,-0.0038006583
2022-08-23,-0.0033435957,0.0007198648,-0.0040634605
2022-08-24,-0.030059677,-0.0012757719,-0.028783904
2022-08-25,-0.038582053,-0.004725789,-0.033856265
2022-08-26,-0.018410929,-0.0008933149,-0.017517613
2022-08-29,-0.00030800194,-5.0411043e-05,-0.0002575909
2022-08-30,-0.021304455,-0.00090364204,-0.020400813
2022-09-01,0.009764046,0.0020885027,0.0076755434
2022-09-02,0.0153330155,0.000676756,0.01465626
2022-09-05,0.010993044,0.0002994605,0.010693584
2022-09-06,0.008818345,0.0012067965,0.0076115485
2022-09-07,0.0025563543,-0.0006107019,0.0031670562
2022-09-08,-0.008780033,-0.0010378652,-0.0077421684
2022-09-09,-0.027283758,-0.0014021177,-0.02588164
2022-09-12,-0.03679696,-0.0030859732,-0.033710986
2022-09-13,-0.04462262,-0.004174809,-0.04044781
2022-09-14,-0.030366717,-0.0041698115,-0.026196904
2022-09-15,-0.029890358,-0.0010965551,-0.028793802
2022-09-16,-0.023887608,-0.0015660808,-0.022321528
2022-09-19,-0.04999096,-0.0010792286,-0.04891173
2022-09-20,-0.042591393,0.0013585128,-0.043949906
2022-09-21,-0.07064462,-0.0029717318,-0.067672886
2022-09-22,-0.06467962,-0.0018309769,-0.06284864
2022-09-23,-0.025312612,-0.0065777125,-0.018734898
2022-09-26,-0.0033018815,-0.0108080655,0.0075061843
2022-09-27,0.0070736012,-0.010827655,0.017901257
2022-09-28,0.038435984,-0.010784935,0.04922092
2022-09-29,0.046037145,-0.010199065,0.05623621
2022-09-30,0.01179694,-0.010827419,0.022624359
2022-10-03,-0.004895593,-0.011331361,0.0064357677
2022-10-04,-0.01572594,-0.009081431,-0.0066445097
2022-10-06,-0.016225582,-0.004383136,-0.011842446
2022-10-07,-0.025345903,-0.012485937,-0.012859966
2022-10-10,0.0012262167,-0.010883323,0.0121095395
2022-10-11,0.03959025,-0.010821993,0.050412245
2022-10-12,0.049952526,-0.0045500905,0.054502618
2022-10-13,0.04943772,-0.0066084024,0.05604612
2022-10-14,0.042561192,-0.0075747278,0.050135918
2022-10-17,0.02951727,-0.007270453,0.036787722
2022-10-18,-0.0039572394,-0.0047549247,0.00079768524
2022-10-19,-0.01714185,-0.006230846,-0.010911005
2022-10-20,0.010217622,-0.004389539,0.014607161
2022-10-21,0.031558573,-0.003359915,0.034918487
2022-10-24,0.020162618,-0.0030250268,0.023187645
2022-10-25,0.042636912,-0.002617709,0.04525462
2022-10-27,0.04242912,-0.0038165671,0.046245687
2022-10-28,0.026364045,-0.0037896927,0.030153738
2022-10-31,0.02235641,-0.007428994,0.029785404
2022-11-01,0.029309947,-0.015322439,0.044632386
2022-11-02,0.010547531,-0.0069502024,0.017497733
2022-11-03,0.029998355,-0.013077458,0.043075815
2022-11-04,0.010143669,-0.007839086,0.017982755
2022-11-07,0.00026867894,-0.0064698695,0.0067385486
2022-11-09,-0.0044738273,-0.004429552,-4.427554e-05
2022-11-10,0.010320603,-0.0036853068,0.01400591
2022-11-11,-0.012976007,-0.0026629898,-0.010313017
2022-11-14,-0.026020875,-0.00408703,-0.021933846
2022-11-15,-0.016204609,-0.0037554537,-0.012449155
2022-11-16,-0.013617133,-0.0037034578,-0.0099136755
2022-11-17,-0.0076757353,-0.003042722,-0.004633013
2022-11-18,0.0076800776,-0.0015139604,0.009194038
2022-11-21,0.061409857,-0.0023363489,0.06374621
2022-11-22,0.05736729,0.0034373791,0.053929914
2022-11-23,0.06816462,0.000105617284,0.068059
2022-11-24,0.05591084,0.00011448763,0.05579635
2022-11-25,0.03994103,-0.004243161,0.044184193
2022-11-28,-0.009270425,-0.0029521915,-0.0063182334
2022-11-29,-0.008111531,-0.0022848423,-0.0058266884
2022-11-30,-0.029600717,0.002700355,-0.032301072
2022-12-01,-0.027191386,0.0016178219,-0.028809208
2022-12-02,-0.04152957,0.13973933,-0.1812689
2022-12-05,-0.025853362,0.0035851335,-0.029438496
2022-12-06,-0.024235994,0.003124813,-0.027360806
2022-12-07,-0.013205084,0.002185615,-0.015390699
2022-12-08,-0.026762186,0.00026794415,-0.027030129
2022-12-09,-0.016672468,0.00086701795,-0.017539486
2022-12-12,-0.0052810065,0.0007287898,-0.006009796
2022-12-13,-0.0012189676,-0.0008006414,-0.00041832618
2022-12-14,-0.011852395,-0.0009473378,-0.010905057
2022-12-15,-0.00021333637,0.00014171436,-0.00035505072
2022-12-16,-0.024711575,-0.00021582126,-0.024495754
2022-12-19,-0.02895016,-0.003990815,-0.024959344
2022-12-20,-0.029407403,-0.005126803,-0.0242806
2022-12-21,-0.015496248,-0.005600679,-0.009895569
2022-12-22,-0.013383516,-0.0018817746,-0.011501742
2022-12-23,0.017984075,-0.002692711,0.020676786
2022-12-26,0.020542456,0.000581828,0.019960627
2022-12-27,0.0048530865,-0.0062686275,0.0111217145
2022-12-28,-0.010179,-0.0022811806,-0.007897819
2022-12-29,-0.0115007125,-0.0022200816,-0.009280631
2022-12-30,-0.0040436466,-0.0005918932,-0.0034517534
2023-01-02,0.008113558,-0.0012393194,0.009352878
2023-01-03,0.0005280058,-0.003465107,0.0039931126
2023-01-04,0.0030177033,-0.00020212977,0.0032198331
2023-01-05,-0.016885223,0.004884587,-0.02176981
2023-01-06,-0.027316628,0.0012336656,-0.028550293
2023-01-09,-0.058803044,-0.0015123183,-0.057290725
2023-01-10,-0.031113012,-0.0017277175,-0.029385295
2023-01-11,-0.020367121,-0.0034303756,-0.016936745
2023-01-12,0.00018219498,0.00026676775,-8.457276e-05
2023-01-13,-0.01011109,0.002092414,-0.012203503
2023-01-16,-0.0056462763,0.0005044682,-0.0061507444
2023-01-17,-0.0253551,0.0011817019,-0.026536802
2023-01-18,-0.037236836,4.787254e-05,-0.03728471
2023-01-19,-0.054489203,0.00065241137,-0.055141613
2023-01-20,-0.03393849,-0.0007486952,-0.033189796
2023-01-23,-0.031457137,0.0006626841,-0.03211982
2023-01-24,-0.031478398,0.0011171709,-0.032595567
2023-01-25,-0.023336355,-0.00034069418,-0.02299566
2023-01-27,-0.0035724412,0.0020037855,-0.005576227
2023-01-30,-0.020468306,-0.001796179,-0.018672127
2023-01-31,-0.02037068,-0.0007907749,-0.019579906
2023-02-01,0.005149973,-0.008146745,0.013296718
2023-02-02,0.012505647,-0.006487641,0.018993288
2023-02-03,0.0032846604,-0.013711482,0.016996143
2023-02-06,0.0051482273,-0.014610757,0.019758984
2023-02-07,0.03131103,-0.00848253,0.039793562
2023-02-08,0.03401414,-0.011479586,0.045493726
2023-02-09,0.0314084,-0.0074175815,0.03882598
2023-02-10,0.044315387,-0.0025080463,0.046823435
2023-02-13,0.039189167,-0.0046221726,0.04381134
2023-02-14,0.023548238,-0.003370684,0.026918922
2023-02-15,-0.021813788,-0.0031521576,-0.01866163
2023-02-16,-0.025740078,-0.0036253654,-0.022114713
2023-02-17,-0.023153674,-0.003469066,-0.019684607
2023-02-20,-0.019280225,-0.0006598503,-0.018620376
2023-02-21,-0.04582817,-0.0005168928,-0.04531128
2023-02-22,-0.014712604,-0.0018409622,-0.012871642
2023-02-23,-0.017508004,-0.0039124093,-0.013595594
2023-02-24,0.0007132494,-0.0062652985,0.0069785477
2023-02-27,0.017251883,-0.0042786947,0.021530578
2023-02-28,0.040817205,-0.0050279642,0.04584517
2023-03-01,0.0065488946,-0.0034027726,0.009951667
2023-03-02,-0.0014401262,-0.008017701,0.0065775746
2023-03-03,-0.042299017,-0.0069951634,-0.035303853
2023-03-06,-0.055112652,-0.008011707,-0.047100946
2023-03-08,-0.07458575,-0.0075341756,-0.067051575
2023-03-09,-0.056522217,-0.0063232197,-0.050199
2023-03-10,-0.042881053,-0.0061271875,-0.036753867
2023-03-13,-0.036441244,-0.0080592595,-0.028381985
2023-03-14,-0.0027462672,-0.007131664,0.004385397
2023-03-15,0.017679535,-0.0075032148,0.02518275
2023-03-16,0.009838815,-0.008719698,0.018558513
2023-03-17,-0.008906604,-0.011588459,0.002681855
2023-03-20,0.016490482,-0.012234881,0.028725363
2023-03-21,-0.009560529,-0.016122706,0.006562177
2023-03-22,-0.018404685,-0.012390721,-0.0060139643
2023-03-23,0.037036166,-0.013424589,0.050460756
2023-03-24,0.05816284,-0.01432143,0.07248427
2023-03-27,0.03946293,-0.019509355,0.058972284
2023-03-28,0.0415701,-0.009759852,0.05132995
2023-03-29,0.040340953,-0.009561648,0.0499026
2023-03-31,0.0022736548,-0.007723611,0.009997265
2023-04-03,0.0065195216,-0.009513978,0.0160335
2023-04-05,0.012748057,-0.010077706,0.022825763
2023-04-06,0.011104331,-0.008055736,0.019160068
2023-04-10,0.0066671986,-0.014879612,0.02154681
2023-04-11,0.006698476,-0.005126336,0.011824813
2023-04-12,-0.00025582354,-0.0055733887,0.005317565
2023-04-13,-0.002759552,-0.006334335,0.003574783
2023-04-17,-0.00399159,-0.0082146395,0.0042230496
2023-04-18,0.015254077,-0.007878831,0.023132907
2023-04-19,0.0042943126,-0.011108371,0.015402684
2023-04-20,0.013213904,-0.0125502935,0.025764197
2023-04-21,0.030438501,-0.010398588,0.04083709
2023-04-24,0.035220586,-0.007290389,0.042510975
2023-04-25,0.01853914,-0.009038238,0.027577378
2023-04-26,0.036365785,-0.0077845557,0.04415034
2023-04-27,0.027218562,-0.0067678015,0.033986364
2023-04-28,0.021235228,-0.004725736,0.025960963
2023-05-02,0.015771858,0.002062017,0.013709841
2023-05-03,0.03161038,-0.0021192583,0.03372964
2023-05-04,0.013194583,-0.00012713911,0.013321723
2023-05-05,0.017446522,0.0035186298,0.013927892
2023-05-08,0.0070189564,0.014201835,-0.0071828784
2023-05-09,-0.010385032,-0.0002374858,-0.010147546
2023-05-10,-0.022951292,0.006693726,-0.029645018
2023-05-11,-0.018646996,0.00087898615,-0.019525982
2023-05-12,-0.017066956,0.007122691,-0.024189647
2023-05-15,-0.013759272,0.004135343,-0.017894614
2023-05-16,0.00030557046,0.0067005726,-0.006395002
2023-05-17,0.00038949552,0.0059958333,-0.005606338
2023-05-18,0.00242397,0.0027875407,-0.00036357064
2023-05-19,0.02643396,0.0038876308,0.022546329
2023-05-22,0.02672097,0.0025258076,0.024195163
2023-05-23,0.026644489,0.0025202367,0.024124252
2023-05-24,0.012150313,0.002272011,0.009878302
2023-05-25,0.009549359,0.0038286205,0.0057207383
2023-05-26,-0.020466942,0.0016763906,-0.022143332
2023-05-29,-0.017198231,0.0048806984,-0.02207893
2023-05-30,-0.016111368,0.0026105735,-0.018721942
2023-05-31,0.011437789,0.01179361,-0.0003558211
2023-06-01,0.014777097,0.00030341503,0.014473682
2023-06-02,0.010895479,0.0055203084,0.00537517
2023-06-05,0.0027854138,0.004980304,-0.00219489
2023-06-06,0.01673823,0.002540757,0.014197473
2023-06-07,0.02149584,-0.00074595225,0.022241792
2023-06-08,0.021163082,-0.0016290626,0.022792144
2023-06-09,0.038457576,0.0009661412,0.037491433
2023-06-12,0.02723262,-0.00067050825,0.027903128
2023-06-13,0.014380045,0.00086029526,0.01351975
2023-06-14,0.004878785,0.0020051887,0.0028735963
2023-06-15,-0.0066796443,0.002174336,-0.00885398
2023-06-16,-0.024307521,0.003558368,-0.027865889
2023-06-19,-0.022043196,0.006634905,-0.0286781
2023-06-20,-0.023718173,0.006510484,-0.030228656
2023-06-21,-0.013570873,0.0017391067,-0.01530998
2023-06-22,0.0058174566,0.0007449347,0.005072522
2023-06-23,0.04014319,0.0011738339,0.038969357
2023-06-26,0.037346408,0.0022859445,0.03506046
2023-06-27,0.03527002,0.0050444296,0.03022559
2023-06-28,0.043190297,0.0026053197,0.040584978
2023-06-30,0.032683138,0.002383505,0.030299634
2023-07-03,0.045628354,-0.0030242668,0.04865262
2023-07-04,0.06796715,-0.0010048903,0.068972036
2023-07-05,0.070903316,-0.004033174,0.07493649
2023-07-06,0.0395073,-0.0012856274,0.040792927
2023-07-07,0.04066663,0.0123675065,0.028299123
2023-07-10,0.02254076,-0.0041105947,0.026651355
2023-07-11,0.020164954,-0.0078659,0.028030854
2023-07-12,0.026772762,-0.017595619,0.04436838
2023-07-13,0.03478258,-0.008183096,0.042965677
2023-07-14,0.0035913128,-0.018565841,0.022157153
2023-07-17,-0.036396947,0.003969333,-0.04036628
2023-07-18,-0.045125574,0.0006087814,-0.045734357
2023-07-19,-0.03691416,-0.00419122,-0.03272294
2023-07-20,-0.044716366,0.006145463,-0.050861828
2023-07-21,-0.0042934148,-0.0033771356,-0.00091627915
2023-07-24,0.02486531,0.0002986946,0.024566617
2023-07-25,0.01102254,0.011438316,-0.00041577592
2023-07-26,-0.015774582,0.005560664,-0.021335246
2023-07-27,-0.010708363,0.0033187114,-0.014027074
2023-07-28,-0.007239434,-0.0019235278,-0.0053159064
2023-07-31,-0.009963764,-0.004180073,-0.005783691
2023-08-01,-0.0018105631,-0.0070618363,0.005251273
2023-08-02,0.01562527,-0.0055759284,0.021201199
2023-08-03,0.024455748,-0.004440225,0.028895974
2023-08-04,0.014982772,-0.0040725255,0.019055298
2023-08-07,0.021158138,-0.0076829833,0.028841121
2023-08-08,0.02650838,-0.008772783,0.035281163
2023-08-09,0.0050689634,-0.009652534,0.014721497
2023-08-10,0.008022932,-0.009638963,0.017661896
2023-08-11,-0.0071641346,-0.0052006706,-0.001963464
2023-08-14,-0.018993253,-0.0094965175,-0.009496735
2023-08-16,-0.017102087,-0.0055810986,-0.011520988
2023-08-17,-0.019480018,-0.0029601832,-0.016519835
2023-08-18,-0.031183645,-0.00082036917,-0.030363277
2023-08-21,-0.030257901,-0.0035983804,-0.02665952
2023-08-22,-0.039314818,-0.000948959,-0.03836586
2023-08-23,-0.0412933,0.0012145119,-0.042507812
2023-08-24,-0.029357307,0.00087268115,-0.030229988
2023-08-25,-0.02256588,-0.0021280088,-0.020437872
2023-08-28,-0.013524376,-0.0005754738,-0.012948902
2023-08-29,0.0013427611,-0.00080421375,0.002146975
2023-08-30,0.004404385,-0.002262435,0.00666682
2023-08-31,0.010386408,-0.0029220486,0.013308457
2023-09-01,0.014734942,-0.002438321,0.017173262
2023-09-04,0.026506884,-0.0013400766,0.02784696
2023-09-05,0.0062923864,-0.0039933347,0.010285721
2023-09-06,0.009202453,-0.0007839908,0.009986444
2023-09-07,0.008758243,0.00037542,0.008382823
2023-09-08,0.003941772,-0.0015305732,0.0054723453
2023-09-11,-0.0154166,-0.0048281774,-0.010588422
2023-09-12,-0.023248872,-0.0006512908,-0.022597581
2023-09-13,-0.035188958,-0.00023493389,-0.034954023
2023-09-14,-0.040088773,-0.00084098306,-0.03924779
2023-09-15,-0.047765378,0.0005851497,-0.048350528
2023-09-18,-0.03856031,-0.0024094188,-0.03615089
2023-09-20,-0.005562176,0.00040410514,-0.005966281
2023-09-21,-0.012982139,-0.00025095796,-0.012731181
2023-09-22,-0.0042251665,0.001892389,-0.0061175553
2023-09-25,-0.009528217,-0.0020794305,-0.0074487864
2023-09-26,-0.012102408,0.006867581,-0.01896999
2023-09-27,-0.023133032,0.002048228,-0.02518126
2023-09-28,-0.006897724,-0.00030221688,-0.006595507
2023-09-29,-0.019936126,-0.0022646715,-0.017671455
2023-10-03,-0.0042058784,-0.0017689385,-0.0024369399
2023-10-04,0.0133526875,0.0011362109,0.012216477
2023-10-05,0.015254258,-6.9875685e-05,0.015324133
2023-10-06,0.01350314,0.0025802369,0.010922903
2023-10-09,0.01992826,0.0014739218,0.018454337
2023-10-10,0.020295475,0.0025091239,0.01778635
2023-10-11,-0.00897632,5.6510245e-05,-0.00903283
2023-10-12,-0.01840891,0.003689715,-0.022098625
2023-10-13,-0.021368116,0.0003033991,-0.021671515
2023-10-16,-0.034491528,0.0011077521,-0.03559928
2023-10-17,-0.041311994,0.0021433642,-0.04345536
2023-10-18,-0.041953538,-0.00084644044,-0.041107096
2023-10-19,-0.017496658,0.00053823076,-0.018034888
2023-10-20,0.0058282446,0.0033295527,0.002498692
2023-10-23,0.010913653,-0.00031578972,0.011229443
2023-10-25,0.0174716,-0.0001860952,0.017657695
2023-10-26,0.042083938,0.005148454,0.036935482
2023-10-27,0.023788469,0.0014529205,0.022335548
2023-10-30,0.011459511,0.0031226145,0.008336896
2023-10-31,0.015691241,-0.0023562796,0.01804752
2023-11-01,0.016758032,-0.0024259342,0.019183967
2023-11-02,-0.0041591246,-0.0019318375,-0.002227287
2023-11-03,-0.002069302,-0.003411712,0.00134241
2023-11-06,-0.010431796,0.00039805047,-0.010829846
2023-11-07,0.01405028,-0.0024134608,0.01646374
2023-11-08,0.010616949,-0.0016940593,0.012311008
2023-11-09,0.019475905,0.00084282144,0.018633084
2023-11-10,0.014882015,0.002568466,0.012313549
2023-11-13,0.027780095,0.0003432673,0.027436828
2023-11-15,0.013473707,0.00080282055,0.012670887
2023-11-16,0.014741438,0.0016975123,0.013043926
2023-11-17,0.016280646,-0.0030439696,0.019324616
2023-11-20,0.019175401,-0.0032129125,0.022388313
2023-11-21,0.0091639245,-8.031964e-05,0.009244245
2023-11-22,-0.00450135,-0.001023637,-0.003477713
2023-11-23,-0.00050093024,-0.0021273997,0.0016264694
2023-11-24,0.010986222,0.00046074073,0.010525481
2023-11-28,0.018104741,0.0003060162,0.017798726
2023-11-29,0.025159458,0.0032271694,0.021932289
2023-11-30,0.03348134,0.005033787,0.028447554
2023-12-01,0.025665127,0.0070848526,0.018580275
2023-12-04,0.016176429,0.0012037505,0.014972678
2023-12-05,-0.005619844,0.002899005,-0.008518849
2023-12-06,-0.011031816,-0.0050167227,-0.006015093
2023-12-07,0.0028895503,0.004446936,-0.0015573855
2023-12-08,0.016227284,0.0036674687,0.012559816
2023-12-11,0.025067586,0.01113096,0.013936627
2023-12-12,0.055299934,0.005739947,0.049559988
2023-12-13,0.038291723,0.0035470657,0.034744658
2023-12-14,0.039932717,0.0010214918,0.038911223
2023-12-15,0.027828857,0.00089344446,0.026935413
2023-12-18,0.022629913,0.0036842136,0.0189457
2023-12-19,0.011238828,-0.0010725308,0.012311359
2023-12-20,0.031023085,-0.0019520915,0.03297518
2023-12-21,0.008741263,0.0022187398,0.0065225232
2023-12-22,0.009824481,-0.00034293177,0.010167412
2023-12-26,0.013052525,0.02639948,-0.013346955
2023-12-27,-0.0013723285,0.0007239935,-0.002096322
2023-12-28,-0.0034158265,0.0018225838,-0.00523841
2023-12-29,0.008800908,0.0030391465,0.005761761
2024-01-01,-0.0011195707,0.0041473405,-0.0052669114
2024-01-02,-0.011946309,0.00275492,-0.0147012295
2024-01-03,0.025858441,0.0034198118,0.02243863
2024-01-04,0.04742665,0.00038334166,0.04704331
2024-01-05,0.05129041,0.0028029643,0.048487447
2024-01-08,0.07764685,0.0012390236,0.07640783
2024-01-09,0.065394334,0.0027960169,0.06259832
2024-01-10,0.027564954,0.0013977325,0.026167221
2024-01-11,0.0059194537,-0.0026470246,0.008566478
2024-01-12,-0.0023892748,-0.009968392,0.007579117
2024-01-15,-0.047018714,-0.012942531,-0.034076184
2024-01-16,-0.022369716,-0.0041991505,-0.018170565
2024-01-17,-0.006242824,-0.0036890714,-0.0025537524
2024-01-18,0.058554843,-0.002945471,0.061500315
2024-01-19,0.029379541,0.0036233112,0.02575623
2024-01-23,0.073800854,0.004108449,0.0696924
2024-01-24,0.06159429,0.008354999,0.05323929
2024-01-25,0.07732397,0.0013721242,0.07595185
2024-01-29,-0.006232552,-0.0037469321,-0.00248562
2024-01-30,0.014332712,-0.0066347434,0.020967456
2024-01-31,0.0108823795,-0.0025317683,0.013414148
2024-02-01,0.016454605,0.0022424837,0.014212122
2024-02-02,0.0020922504,0.00093261275,0.0011596377
2024-02-05,0.009259707,0.019849814,-0.010590107
2024-02-06,0.026123967,0.01954959,0.0065743774
2024-02-07,0.027198942,0.014582641,0.012616301
2024-02-08,0.0141194835,0.014865617,-0.00074613374
2024-02-09,-0.00011979582,9.14705e-05,-0.00021126632
2024-02-12,0.014906897,0.0023440465,0.0125628505
2024-02-13,0.0040441775,0.005803035,-0.0017588576
2024-02-14,-0.009231244,0.010159544,-0.019390788
2024-02-15,0.007581963,0.010246018,-0.0026640547
2024-02-16,0.022628125,0.0054327175,0.017195407
2024-02-19,0.009039993,0.0030377544,0.006002239
2024-02-20,0.009942067,0.007685506,0.002256561
2024-02-21,-0.008227188,0.0042065443,-0.012433732
2024-02-22,-0.014138647,0.01043251,-0.024571158
2024-02-23,-0.0010042912,0.0016460216,-0.0026503128
2024-02-26,0.013497458,0.0058418363,0.0076556215
2024-02-27,0.009793703,0.015137283,-0.0053435797
2024-02-28,0.032546103,0.030888569,0.0016575344
2024-02-29,0.012407575,0.022637464,-0.010229889
2024-03-01,-0.017106432,0.0038025745,-0.020909008
2024-03-04,-0.021212043,0.0022083449,-0.023420388
2024-03-05,-0.045343988,-0.0026820397,-0.042661946
2024-03-06,-0.047588166,0.007548967,-0.05513713
2024-03-07,-0.041043404,0.00744959,-0.048492994
2024-03-11,-0.018495124,0.00067816675,-0.01917329
2024-03-12,-0.034007173,0.010544427,-0.0445516
2024-03-13,0.008082136,0.010217823,-0.0021356875
2024-03-14,0.01362237,0.008817814,0.0048045553
2024-03-15,0.025947953,0.0009914632,0.024956489
2024-03-18,0.0014587962,0.0112834945,-0.009824699
2024-03-19,0.04743023,0.009714791,0.03771544
2024-03-20,0.029160146,0.010475918,0.018684227
2024-03-21,0.023294657,0.011128036,0.012166621
2024-03-22,0.021941109,0.008056207,0.013884902
2024-03-26,0.020827942,-0.0009937219,0.021821663
2024-03-27,-0.020045511,-0.0053453967,-0.014700115
2024-03-28,-0.017330216,-0.0053167124,-0.012013504
2024-04-01,0.00080818875,-0.004490533,0.0052987216
2024-04-02,-0.015669558,-0.0052031754,-0.010466383
2024-04-03,0.0054192543,-0.006621529,0.012040783
2024-04-04,0.0028881414,-0.0018533596,0.004741501
2024-04-05,0.0032360954,-0.003667459,0.0069035543
2024-04-08,-0.0136106005,0.0008631729,-0.014473774
2024-04-09,0.00046117805,0.00042975324,3.1424803e-05
2024-04-10,-0.0063869166,0.0017825724,-0.008169489
2024-04-12,0.008656152,0.0013368888,0.0073192627
2024-04-15,-0.0037546335,-0.0012803059,-0.0024743276
2024-04-16,-0.010625877,-0.0025343967,-0.0080914805
2024-04-18,-0.0029707036,-0.0044866363,0.0015159326
2024-04-19,-0.011954797,-0.0055154758,-0.0064393217
2024-04-22,-0.010017897,-0.0042237956,-0.0057941014
2024-04-23,0.005259309,-0.0036253433,0.0088846525
2024-04-24,0.011291703,0.00010725122,0.011184452
2024-04-25,-0.01779133,-0.00042160947,-0.017369721
2024-04-26,-0.022735868,-0.0007694476,-0.02196642
2024-04-29,-0.043378126,-0.0013362593,-0.042041868
2024-04-30,-0.03302664,-0.003523327,-0.029503312
2024-05-02,-0.04938465,-0.00335901,-0.04602564
2024-05-03,-0.018532084,0.003248652,-0.021780737
2024-05-06,-0.011852577,-0.00071692147,-0.011135655
2024-05-07,0.0132717565,-0.0022481403,0.0155198965
2024-05-08,-0.0016036745,-0.002413081,0.0008094065
2024-05-09,0.022397576,-0.0007010059,0.023098582
2024-05-10,0.02008988,-0.004743708,0.024833588
2024-05-13,0.023829058,-0.00046020068,0.024289258
2024-05-14,0.028572408,0.0071321926,0.021440215
2024-05-15,0.04926654,-0.0018857667,0.051152308
2024-05-16,0.038516898,-0.0050442093,0.04356111
2024-05-17,0.021278828,-0.005397736,0.026676565
2024-05-21,0.013978575,-0.0052914065,0.019269982
2024-05-22,-0.013606891,-0.00073451956,-0.012872372
2024-05-23,-0.041183088,-0.0011942274,-0.03998886
2024-05-24,-0.033676755,-0.003273938,-0.030402817
2024-05-27,0.03005962,-0.0014995937,0.031559214
2024-05-28,-0.0404649,-0.0013851399,-0.03907976
2024-05-29,-0.013898808,-0.0010474698,-0.012851338
2024-05-30,0.0047373637,-0.00100715,0.0057445136
2024-05-31,0.027649505,0.00043973068,0.027209774
2024-06-03,-0.025772614,-0.0012358259,-0.024536788
2024-06-04,0.042511344,0.013051561,0.029459782
2024-06-05,0.029966487,0.009829169,0.020137317
2024-06-06,0.023505213,0.018927403,0.00457781
2024-06-07,0.0051704305,0.00067057856,0.0044998517
2024-06-10,0.006541498,0.04502622,-0.038484722
2024-06-11,0.0013557995,0.049119744,-0.047763944
2024-06-12,0.0070900554,0.06469869,-0.057608634
2024-06-13,-0.0075414144,0.035946373,-0.043487787
2024-06-14,-0.02441557,0.0149406195,-0.039356187
2024-06-18,-0.01814626,0.0093024075,-0.027448667
2024-06-19,0.037963174,0.0088476455,0.029115528
2024-06-20,0.038576495,0.012078651,0.026497845
2024-06-21,0.0764682,0.04364002,0.03282818
2024-06-24,0.08232897,0.034516823,0.047812145
2024-06-25,0.0763504,0.0135459425,0.06280445
2024-06-26,0.025362888,0.020905714,0.004457174
2024-06-27,0.0153375985,0.134812,-0.119474396
2024-06-28,0.014836435,0.14179271,-0.12695628
2024-07-01,0.026119253,0.073597446,-0.04747819
2024-07-02,0.016036585,0.031486947,-0.015450362
2024-07-03,0.020484028,0.01539312,0.005090908
2024-07-04,0.017132888,0.00783796,0.009294928
2024-07-05,0.0050987736,0.0098836655,-0.004784892
2024-07-08,-0.002295552,0.01192403,-0.014219582
2024-07-09,-0.008819254,0.013422651,-0.022241905
2024-07-10,0.0015465796,0.0070516686,-0.0055050887
2024-07-11,-0.016132586,0.0068676523,-0.023000238
2024-07-12,-0.06015433,0.008299104,-0.06845343
2024-07-15,-0.06844688,0.010227508,-0.07867439
2024-07-16,-0.051102336,0.0079634525,-0.05906579
2024-07-18,-0.059416726,0.0076735294,-0.06709026
2024-07-19,-0.029659528,0.008102725,-0.037762254
2024-07-22,0.012944054,0.013570275,-0.0006262213
2024-07-23,0.016970286,0.0287118,-0.011741513
2024-07-24,0.0065019825,0.039795175,-0.03329319
2024-07-25,0.015344451,0.021827256,-0.006482805
2024-07-26,-0.006428025,0.007013829,-0.013441854
2024-07-29,-0.047875088,0.009140397,-0.057015486
2024-07-30,-0.037735887,0.0055382983,-0.043274187
2024-07-31,-0.02696916,0.0072142365,-0.034183398
2024-08-01,-0.04367132,0.006293585,-0.049964905
2024-08-02,-0.016690794,0.0028740875,-0.019564882
2024-08-05,0.009189357,0.006284294,0.0029050629
2024-08-06,0.005202475,0.01068466,-0.0054821847
2024-08-07,-0.0020309475,0.010093059,-0.012124007
2024-08-08,0.020063879,0.008890642,0.011173237
2024-08-09,0.012990281,0.0065958295,0.0063944515
2024-08-12,0.027660888,0.0047246623,0.022936225
2024-08-13,0.027422624,0.007634507,0.019788116
2024-08-14,0.028292684,0.0074165887,0.020876095
2024-08-16,0.0181747,0.0077526146,0.010422086
2024-08-19,0.01625909,-0.011567319,0.027826408
2024-08-20,0.003008175,-0.011665884,0.014674059
2024-08-21,-0.0002501573,-0.011087051,0.010836894
2024-08-22,0.015219057,-0.003992955,0.019212011
2024-08-23,0.006433496,-0.002644087,0.0090775825
2024-08-26,0.0024130754,-0.0020429855,0.004456061
2024-08-27,0.005781607,-0.0027248645,0.008506471
2024-08-28,0.010845588,-0.0005442243,0.0113898115
2024-08-29,-0.01837701,0.0007030631,-0.019080073
2024-08-30,-0.029676352,0.0019455624,-0.031621914
2024-09-02,-0.035482325,-0.004330355,-0.031151969
2024-09-03,-0.031541456,-0.003962254,-0.027579201
2024-09-04,-0.04162953,-0.010952151,-0.030677378
2024-09-05,-0.008824642,-0.004411077,-0.0044135647
2024-09-06,0.0053249174,-0.0015135298,0.0068384474
2024-09-09,0.0060856976,0.002302609,0.0037830886
2024-09-10,0.007372464,0.0015238287,0.0058486355
2024-09-11,0.00823278,0.0019772493,0.0062555308
2024-09-12,-0.006842137,0.00037190164,-0.0072140386
2024-09-13,0.009031559,-0.0014374185,0.0104689775
2024-09-16,0.014969242,-0.0014138981,0.01638314
2024-09-17,0.01159742,-0.0028083266,0.014405747
2024-09-18,0.020841159,-0.00045470847,0.021295868
2024-09-19,0.019238915,-0.005238939,0.024477854
2024-09-20,0.027087476,-0.0031473443,0.030234821
2024-09-23,-0.011249676,-0.004699652,-0.0065500243
2024-09-24,-0.01648346,-0.0007807717,-0.015702687
2024-09-25,-0.05821808,-0.0021390263,-0.056079052
2024-09-26,-0.07438496,-0.0010111699,-0.07337379
2024-09-27,-0.10185598,-0.0010000166,-0.10085596
2024-09-30,-0.05365462,0.00017766037,-0.053832278
2024-10-01,-0.06159431,-0.0010179663,-0.060576346
2024-10-03,-0.025533512,0.0053373678,-0.030870881
2024-10-04,-0.0104037495,0.0030596443,-0.013463394
2024-10-07,0.0013131789,0.003635075,-0.0023218961
2024-10-08,-0.038161464,0.011886021,-0.050047487
2024-10-09,-0.014931622,0.012043723,-0.026975345
2024-10-10,-0.010666971,0.012995723,-0.023662694
2024-10-11,-0.009328724,0.01246171,-0.021790434
2024-10-14,-0.0024225384,0.01259535,-0.0150178885
2024-10-15,-0.000502259,0.011008631,-0.01151089
2024-10-16,-0.011483867,0.011504046,-0.022987913
2024-10-17,-0.012256462,-0.0018737527,-0.010382709
2024-10-18,-0.023136953,-0.0078049274,-0.0153320255
2024-10-21,-0.025452863,-0.0046795914,-0.020773273
2024-10-22,-0.0024937629,-0.01157977,0.009086007
2024-10-23,0.0040156287,-0.0053212023,0.009336831
2024-10-24,-0.0057844957,-0.008193518,0.0024090223
2024-10-25,0.008133481,-0.0045948965,0.012728378
2024-10-28,-0.024131503,-0.0053107054,-0.018820798
2024-10-29,-0.025895469,-0.0065317648,-0.019363705
2024-10-30,-0.013803102,-0.0035522957,-0.010250807
2024-10-31,-0.019819032,-0.0010496165,-0.018769415
2024-11-01,-0.041011494,0.00081494,-0.041826434
2024-11-04,-0.022616565,0.00050292775,-0.023119492
2024-11-05,-0.023787659,0.0030796637,-0.026867323
2024-11-06,-0.05530615,0.0014263961,-0.056732547
2024-11-07,-0.029142605,-0.000551306,-0.0285913
2024-11-08,-0.017916216,0.0023475264,-0.020263743
2024-11-11,-0.024396881,0.0012241383,-0.02562102
2024-11-12,-0.04021975,0.0027334807,-0.04295323
2024-11-13,0.010662499,0.0025497968,0.0081127025
2024-11-14,0.015304455,0.0012248831,0.014079572
2024-11-18,0.02772155,0.003289179,0.024432372
2024-11-19,0.04151727,0.00041951018,0.04109776
2024-11-21,0.03908423,0.0028809716,0.036203258
2024-11-22,0.02117905,-0.00087559497,0.022054644
2024-11-25,0.017210664,0.008270539,0.008940125
2024-11-26,0.021301249,0.0075867423,0.013714507
2024-11-27,0.012179116,0.0059026554,0.0062764604
2024-11-28,0.04032894,-0.00016119488,0.04049013
2024-11-29,0.014974498,0.005892803,0.009081695
2024-12-02,-0.010693982,0.007854688,-0.018548671
2024-12-03,-0.029056204,0.008877483,-0.03793369
2024-12-04,-0.02349212,0.00807664,-0.03156876
2024-12-05,-0.0447411,0.010413589,-0.05515469
2024-12-06,-0.029507048,0.007214968,-0.036722016
2024-12-09,-0.020731168,0.00934776,-0.030078929
2024-12-10,-0.030781733,0.0075023365,-0.03828407
2024-12-11,-0.019519607,-0.0069666924,-0.012552914
2024-12-12,-0.025694933,-0.009083573,-0.01661136
2024-12-13,-0.053069852,-0.0025423672,-0.050527483
2024-12-16,-0.036269024,-0.008076629,-0.028192395
2024-12-17,-0.01810811,-0.0074968324,-0.010611279
2024-12-18,-0.029283822,-0.0045451913,-0.02473863
2024-12-19,-0.007639335,-0.007813973,0.00017463835
2024-12-20,0.004480128,-0.009921548,0.014401676
2024-12-23,-0.0056042913,-0.009508695,0.0039044041
2024-12-24,-0.0012267312,-0.009617984,0.008391253
2024-12-26,0.020755399,-0.009630432,0.030385831
2024-12-27,0.024650883,-0.010995191,0.035646074
2024-12-30,0.0060295993,-0.012056217,0.018085815
2024-12-31,0.020897605,-0.012825299,0.033722904
2025-01-01,0.03623337,-0.016805213,0.053038582
2025-01-02,0.010428372,-0.008013501,0.018441873
2025-01-03,-0.007393241,-0.010088531,0.0026952904
2025-01-06,0.017939229,-0.009432082,0.02737131
2025-01-07,-0.0016923128,-0.005589317,0.0038970043
2025-01-08,-0.010509759,-0.004626032,-0.005883727
2025-01-09,0.009324555,-0.006961451,0.016286006
2025-01-10,0.04867537,-0.008562485,0.057237856
2025-01-13,0.052909583,-0.0092102755,0.062119856
2025-01-14,0.02821388,-0.0099089425,0.03812282
2025-01-15,0.019885067,-0.009335067,0.029220134
2025-01-16,-0.0022108704,-0.00996101,0.0077501396
2025-01-17,-0.04303749,-0.011233035,-0.031804454
2025-01-20,-0.058294054,-0.00844929,-0.049844764
2025-01-21,-0.030854903,-0.013281819,-0.017573085
2025-01-22,-0.03257375,-0.01053655,-0.022037199
2025-01-23,-0.008388325,-0.019014334,0.01062601
2025-01-24,0.015084556,-0.0070292586,0.022113815
2025-01-27,0.028673662,-0.009339248,0.03801291
2025-01-28,0.009316242,-0.010799333,0.020115577
2025-01-29,0.04022655,-0.011333776,0.051560324
2025-01-30,0.020070907,-0.010947234,0.031018142
2025-01-31,0.01300299,-0.011229767,0.024232756
2025-02-01,0.001660627,-0.010355673,0.0120163
2025-02-03,0.006220359,-0.009269999,0.015490359
2025-02-04,-0.039176747,-0.00617912,-0.032997627
2025-02-05,-0.048231818,-0.0075052786,-0.04072654
2025-02-06,-0.051071014,-0.007460609,-0.043610405
2025-02-07,-0.039038453,-0.0049544903,-0.034083962
2025-02-10,-0.022933027,-0.0076289093,-0.015304117
2025-02-11,-0.0076527074,-0.008075405,0.0004226975
2025-02-12,0.008959703,-0.008863059,0.017822761
2025-02-13,0.013896877,-0.006723028,0.020619905
2025-02-14,0.008954653,-0.0115240915,0.020478744
2025-02-17,-0.008449677,-0.008579152,0.00012947433
2025-02-18,-0.017463742,-0.0107942885,-0.0066694533
2025-02-19,-0.016579084,-0.015340396,-0.0012386879
2025-02-20,-0.02668292,-0.012260762,-0.014422159
2025-02-21,-0.04632989,-0.012474547,-0.03385534
2025-02-24,-0.043349385,-0.012092874,-0.03125651
2025-02-25,-0.02358801,-0.005707569,-0.01788044
2025-02-27,0.0020711273,-0.008101087,0.010172214
2025-02-28,0.04141334,-0.007838419,0.049251758
2025-03-03,0.057331964,-0.0043793027,0.061711267
2025-03-04,0.07350032,-0.006458294,0.07995862
2025-03-05,0.06928375,-0.009506526,0.07879028
2025-03-06,0.03166341,-0.008200789,0.039864197
2025-03-07,-0.008761542,-0.017227372,0.00846583
2025-03-10,0.0003632993,-0.019523056,0.019886356
2025-03-11,-0.00012026842,-0.02018282,0.02006255
2025-03-12,0.009625722,-0.008600545,0.018226266
2025-03-13,0.022798175,-0.010543994,0.033342168
2025-03-17,0.051055435,0.027399398,0.023656037
2025-03-18,0.03761557,-0.0041168286,0.0417324
2025-03-19,0.020767372,-0.008191151,0.028958522
2025-03-20,0.0071306913,-0.006442461,0.013573153
2025-03-21,-0.0009793298,-0.006413808,0.005434478
2025-03-24,-0.038015526,-0.005279878,-0.032735646
2025-03-25,-0.026683183,-0.005455905,-0.021227278
2025-03-26,-0.019127322,-0.0037561525,-0.01537117
2025-03-27,-0.05750276,-0.002379717,-0.055123046
2025-03-28,-0.08579723,-0.0026341015,-0.08316313
2025-04-01,-0.05620304,-0.0039024858,-0.052300554
2025-04-02,-0.05259168,-0.0066725626,-0.04591912
2025-04-03,-0.023824826,-0.0084491465,-0.015375679
2025-04-04,0.029384993,-0.004735874,0.034120865
2025-04-07,0.063138165,-0.002773115,0.06591128
2025-04-08,0.078074805,-0.00529954,0.083374344
2025-04-09,0.092926115,-0.008058514,0.10098463
2025-04-11,0.059272375,-0.0008374802,0.060109854
2025-04-15,0.048302576,-0.010064706,0.058367282
2025-04-16,0.050270274,-0.00027520972,0.050545484
2025-04-17,0.020321716,-0.006809738,0.027131453
2025-04-21,0.056580577,-0.004274549,0.060855128
2025-04-22,0.08403034,-0.0031113252,0.08714166
2025-04-23,0.0807692,0.009295491,0.07147371
2025-04-24,0.09081136,0.014924174,0.07588718
2025-04-25,0.10066132,0.0127688255,0.087892495
2025-04-28,0.0380625,0.008024798,0.030037705
2025-04-29,0.0045009386,0.010265298,-0.0057643596
2025-04-30,0.0014235029,-0.0015343203,0.0029578232
2025-05-02,-0.030004315,-0.0018507659,-0.02815355
2025-05-05,0.00363298,-0.008389917,0.012022898
2025-05-06,-0.0036597433,0.007683444,-0.011343187
2025-05-07,0.013086842,0.012701386,0.00038545672
2025-05-08,0.03354653,0.009857238,0.023689292
2025-05-09,0.05750804,0.011735808,0.045772232
2025-05-12,0.0029934319,0.0016915441,0.0013018878
2025-05-13,0.006286663,0.009095128,-0.0028084647
2025-05-14,0.0033697383,0.00170368,0.0016660583
2025-05-15,-0.03080726,0.0015761605,-0.03238342
2025-05-16,-0.020324036,0.0023144635,-0.0226385
2025-05-19,-0.004164313,0.0060801213,-0.010244435
2025-05-20,-0.001754833,0.0063456423,-0.008100475
2025-05-21,-0.011404861,0.006932611,-0.018337471
2025-05-22,0.0059599774,0.005285211,0.0006747665
2025-05-23,-0.0041351677,0.005107791,-0.009242959
2025-05-26,-0.014705916,0.0012391623,-0.015945079
2025-05-27,-0.011672857,0.0033586144,-0.015031472
2025-05-28,0.007502233,0.0038452635,0.0036569696
2025-05-29,0.017350778,0.007221103,0.010129675
2025-05-30,0.01590535,0.009717819,0.006187531
2025-06-02,0.02482852,-0.007847909,0.03267643
2025-06-03,0.023479136,-0.005939167,0.029418303
2025-06-04,0.017843338,-0.0044792905,0.022322629
2025-06-05,-0.00055467116,-0.0063602757,0.0058056046
2025-06-06,-0.010806996,-0.00825222,-0.0025547761
2025-06-09,-0.0075925295,-0.004343179,-0.0032493505
2025-06-10,-0.0050747558,-0.00570055,0.0006257943
2025-06-11,-0.012975365,-0.0018941704,-0.0110811945
2025-06-12,-0.0057573966,-0.0028492112,-0.0029081854
2025-06-13,0.026822563,-0.00047159885,0.027294163
2025-06-16,0.013214648,0.0014072311,0.011807417
2025-06-17,0.013694847,-0.0010334573,0.014728304
2025-06-18,0.026012242,-0.000103240556,0.026115483
2025-06-19,0.04325677,0.001586559,0.04167021
2025-06-20,0.033556126,0.0027577293,0.030798396
2025-06-23,0.030065876,-0.001508191,0.031574067
2025-06-24,0.053487785,-0.0034250582,0.056912843
2025-06-25,0.0350985,-0.0052480795,0.04034658
2025-06-26,0.0150471665,0.001126068,0.013921099
2025-06-27,0.007852793,7.393867e-05,0.007778854
2025-06-30,0.027255768,-0.0013721699,0.028627938
2025-07-01,0.006019319,0.0010997404,0.0049195783
2025-07-02,0.0001316117,0.00046664343,-0.0003350317
2025-07-03,-0.00039533747,0.014917821,-0.015313158
2025-07-04,-0.02101755,0.00205375,-0.0230713
2025-07-07,-0.037496023,0.0040879296,-0.04158395
2025-07-08,-0.033948988,0.0034375805,-0.037386566
2025-07-09,-0.021988202,0.0016742226,-0.023662424
2025-07-10,-0.026891641,0.0037702222,-0.030661864
2025-07-11,-0.012841115,0.0042380313,-0.017079147
2025-07-14,-0.037136838,0.0044184704,-0.041555308
2025-07-15,-0.048875697,0.0030373891,-0.051913086
2025-07-16,-0.041060843,0.0046347706,-0.045695614
2025-07-17,-0.049783275,0.002633044,-0.052416317
2025-07-18,-0.057113867,0.00013429607,-0.057248164
2025-07-21,-0.028699435,0.0018801165,-0.030579552
2025-07-22,0.0030435603,0.00015481327,0.002888747
2025-07-23,-0.010178255,-0.0019248864,-0.008253369
2025-07-24,-0.009052717,-0.003613128,-0.005439589
2025-07-25,0.0014371069,-0.0022575937,0.0036947005
2025-07-28,0.01722399,-0.001609558,0.018833548
2025-07-29,-0.017924009,-0.003511499,-0.01441251
2025-07-30,-0.012268561,-0.00038010237,-0.011888458
2025-07-31,-0.0005754101,0.0015373431,-0.0021127532
2025-08-01,-0.018583558,0.0022351688,-0.020818727
2025-08-04,-0.017924184,-0.0010446947,-0.01687949
2025-08-05,-0.008119447,-0.0029484716,-0.005170976
2025-08-06,-0.0073234644,1.7071694e-05,-0.007340536
2025-08-07,-0.007278758,0.0009525158,-0.008231274
2025-08-08,0.014196747,-0.00015291147,0.014349658
2025-08-11,0.028546907,0.00082506373,0.027721843
2025-08-12,0.027704518,0.0020851558,0.025619362
2025-08-13,0.034638062,-0.0027300857,0.03736815
2025-08-14,0.02576787,-0.002554545,0.028322415
2025-08-18,0.022363773,-0.0033684822,0.025732255
2025-08-19,-0.024786953,-0.004654287,-0.020132666
2025-08-20,-0.019179035,-0.0030058138,-0.016173221
2025-08-21,-0.047445323,-0.006607809,-0.040837515
2025-08-22,-0.039242074,-0.0053270515,-0.03391502
2025-08-25,-0.03263484,-0.0034927584,-0.029142082
2025-08-26,-0.008881543,-0.0023463103,-0.0065352325
2025-08-28,-0.019193286,0.00044853686,-0.019641822
2025-08-29,0.013115274,-0.00024497678,0.013360251
2025-09-01,0.018169714,0.001996245,0.016173469
2025-09-02,0.0070983907,0.00018674578,0.0069116447
2025-09-03,0.003205613,-0.0005565847,0.0037621977
2025-09-04,0.017656146,0.00081771205,0.016838433
2025-09-05,0.014545455,-0.001460486,0.01600594
2025-09-08,0.0150889,-0.0012326878,0.016321588
2025-09-09,0.021145254,-0.00016674223,0.021311997
2025-09-10,0.026724799,0.00035337833,0.02637142
2025-09-11,0.02291618,-0.0014503608,0.024366539
2025-09-12,0.008888907,-0.00062905846,0.009517965
2025-09-15,-0.0062174466,0.0018629527,-0.0080804
2025-09-16,-0.011029673,0.0022945968,-0.01332427
2025-09-17,-0.021785293,0.004127684,-0.025912978
2025-09-18,-0.03010599,0.0023050262,-0.032411017
2025-09-19,-0.02117383,-0.0020132123,-0.019160617
2025-09-22,-0.012800178,0.00096346915,-0.013763647
2025-09-23,-0.018563857,0.0014338308,-0.019997688
2025-09-24,-0.010339877,-0.001319042,-0.009020834
2025-09-25,-0.006557855,0.0030745624,-0.009632417
2025-09-26,-0.0018873226,0.0015119566,-0.0033992792
2025-09-29,0.008741259,0.0025907317,0.006150527
2025-09-30,0.0024926865,0.0016213075,0.00087137904
2025-10-01,0.0066487165,0.0043311683,0.0023175483
2025-10-03,0.013422272,0.0044556395,0.008966632
2025-10-06,0.0,0.0021411788,-0.0021411788
2025-10-07,-0.0064269383,0.0007223182,-0.0071492568
2025-10-08,0.0050460906,-6.825389e-05,0.0051143444
2025-10-09,0.014878792,0.0024375494,0.012441242
2025-10-10,0.02540356,-0.00061034795,0.026013907
2025-10-13,0.06676367,-0.00012605534,0.066889726
2025-10-14,0.06490292,-0.0015373792,0.0664403
2025-10-15,0.05391834,-0.0012066722,0.055125013
2025-10-16,0.038117662,-0.0003581629,0.038475826
2025-10-17,0.04750136,0.0009091404,0.046592217
2025-10-20,0.013703283,0.008699845,0.0050034383
2025-10-21,0.026617527,0.0026813901,0.023936138
2025-10-23,0.027685706,-0.0047705853,0.03245629
2025-10-24,0.02397358,-0.0072362167,0.031209797
2025-10-27,0.00040426897,-0.013424676,0.013828944
2025-10-28,-0.009281088,0.013914743,-0.023195831
2025-10-29,-0.005384906,0.0017900569,-0.007174963
2025-10-30,-0.007054081,0.00085896207,-0.007913044
2025-10-31,0.001951039,0.00069277146,0.0012582676
2025-11-03,0.0058598192,0.0027021759,0.0031576434
2025-11-04,0.026067493,0.0039031215,0.022164373
2025-11-06,0.00989242,0.0006357618,0.009256658
2025-11-07,0.027672548,-0.0008085648,0.028481113
2025-11-10,0.019472234,-0.00012113965,0.019593373
2025-11-11,0.017409937,-0.00301546,0.020425398
2025-11-12,0.004895815,-0.0057676663,0.010663481
2025-11-13,0.025282912,-0.005644472,0.030927384
2025-11-14,0.01823685,-0.005059442,0.023296291
2025-11-17,0.0115918955,-0.002943229,0.014535124
2025-11-18,0.013360488,0.0022954477,0.011065041
2025-11-19,0.03357693,0.009418539,0.024158392
2025-11-20,0.009231199,0.009459682,-0.00022848323
2025-11-21,0.01351353,0.015508718,-0.0019951882
2025-11-24,0.019662706,0.012566195,0.0070965113
2025-11-25,0.004286613,0.0033359388,0.00095067406
2025-11-26,-0.019810162,0.010321098,-0.030131262
2025-11-27,-0.017781788,0.03538806,-0.053169847
2025-11-28,-0.0171611,0.0018766852,-0.019037785
2025-12-01,-0.014750001,0.003940326,-0.018690327
2025-12-02,-0.01092933,-0.00029074593,-0.010638584
2025-12-03,-0.0012347442,-0.002815184,0.0015804397
2025-12-04,0.0061214017,-0.0007602225,0.006881624
2025-12-05,0.01032067,9.609681e-05,0.010224573
2025-12-08,0.0085547315,-0.00020787037,0.008762602
2025-12-09,0.008434696,-0.0006566422,0.009091338
2025-12-10,0.004879953,0.00014007986,0.004739873
2025-12-11,-0.00038833372,-0.0029077253,0.0025193915
2025-12-12,0.005525201,-0.0012734593,0.0067986604
2025-12-15,0.012337794,-0.0022337458,0.014571539
2025-12-16,0.018413993,-0.005026196,0.02344019
2025-12-17,0.008935462,-0.0047695828,0.013705045
2025-12-18,0.009582962,-0.0027844477,0.01236741
2025-12-19,-0.012459268,-0.0015805253,-0.010878743
2025-12-22,-0.02259742,-0.0023935547,-0.020203864
2025-12-23,-0.00019095102,0.0015791517,-0.0017701028
2025-12-24,0.011166747,0.013444928,-0.0022781817
2025-12-26,0.021228898,-0.005187707,0.026416605
2025-12-29,0.021027433,-0.0025771903,0.023604624
2025-12-30,-0.020911854,-0.0026788882,-0.018232966
2025-12-31,-0.042154912,0.0015574633,-0.043712374
2026-01-01,-0.06664128,-0.0033358114,-0.06330547
2026-01-02,-0.07347862,-0.0045867893,-0.06889183
2026-01-05,-0.06013562,-0.0020673515,-0.05806827
2026-01-06,-0.036349118,-0.0023688863,-0.03398023
2026-01-07,-0.030182093,-0.0038209448,-0.026361149
2026-01-08,-0.008023886,0.0077495817,-0.015773468
2026-01-09,-0.011794227,0.0024434135,-0.01423764
2026-01-12,-0.046925552,0.008621623,-0.055547174
2026-01-13,-0.0404736,-0.0049262163,-0.035547383
2026-01-14,-0.037153874,-8.688243e-05,-0.037066992
2026-01-15,-0.038593397,0.0009587787,-0.039552175
2026-01-16,-0.049248952,0.008195612,-0.057444565
2026-01-19,-0.023415377,0.010233915,-0.03364929
2026-01-20,0.0019368373,0.002621928,-0.00068509066
2026-01-21,-0.009682455,0.0004628704,-0.010145325
2026-01-22,-0.005062371,0.012647209,-0.01770958
2026-01-23,0.0031022646,0.0146629065,-0.011560642
2026-01-27,0.04099962,0.016104748,0.024894873
2026-01-28,0.043030072,0.007095995,0.035934076
2026-01-29,0.037670758,0.011271656,0.026399102
2026-01-30,0.039701894,0.0073639504,0.032337945
2026-02-02,0.05120825,0.007941936,0.043266315
2026-02-03,0.014891118,0.01348182,0.0014092978
2026-02-04,0.008168521,0.006788309,0.0013802121
2026-02-05,0.0038104474,0.0027836422,0.0010268053
2026-02-06,-0.021505427,0.022910483,-0.04441591
2026-02-09,-0.016762452,-0.0010166387,-0.015745813
2026-02-10,-0.024340075,0.0077161887,-0.032056265
2026-02-11,-0.018655889,0.0058865817,-0.02454247
2026-02-12,-0.02719306,0.003975251,-0.031168312
2026-02-13,-0.00014085036,0.0063790577,-0.006519908
2026-02-16,-0.00633218,0.0077198218,-0.014052002
2026-02-17,0.0040759305,0.0076581384,-0.003582208
2026-02-18,-0.029695448,0.009691828,-0.039387275
2026-02-19,-0.0019155382,0.010948854,-0.012864392
2026-02-20,-0.017965337,0.010848577,-0.028813913
2026-02-23,-0.04901961,0.008804022,-0.057823632
2026-02-24,-0.058650646,0.009306739,-0.06795739
2026-02-25,-0.0065069543,0.01051871,-0.017025664
2026-02-26,-0.0014216661,0.009897567,-0.011319233
2026-02-27,0.02159407,0.009143937,0.0124501325
2026-03-02,0.03740799,0.011167165,0.026240826
2026-03-04,0.03360591,0.014036973,0.019568939
2026-03-05,0.0020152056,0.016153691,-0.014138486
2026-03-06,-0.017155536,0.011927292,-0.029082827
2026-03-09,-0.02029496,0.015568445,-0.035863407
2026-03-10,-0.007950081,0.025844688,-0.03379477
2026-03-11,0.012875863,0.023047818,-0.0101719545
2026-03-12,-0.005315258,0.03440888,-0.039724138
2026-03-13,0.024407962,0.035986844,-0.011578882
2026-03-16,0.009103343,0.03368431,-0.024580967
2026-03-17,0.010160327,0.022310298,-0.012149971
2026-03-18,0.0035508843,0.008380461,-0.0048295762
2026-03-19,-0.026502075,0.011085918,-0.037587993
2026-03-20,-0.049844455,0.008817562,-0.058662016
2026-03-23,-0.027418736,0.009746789,-0.037165526
2026-03-24,-0.043419782,0.007918782,-0.051338565
2026-03-25,-0.0767108,0.0064818985,-0.0831927
2026-03-27,-0.032267638,0.009072005,-0.041339643
2026-03-30,0.0029020198,0.013640478,-0.0107384585
2026-04-01,-0.028629823,0.024095332,-0.052725155
2026-04-02,-0.00022217611,0.037591062,-0.03781324
2026-04-06,0.0079712,0.020900631,-0.012929431
2026-04-07,0.03027748,0.02575344,0.004524039
2026-04-08,-0.0033387742,0.021822367,-0.025161142
2026-04-09,0.02631579,0.031705517,-0.0053897277
2026-04-10,0.009702339,0.027350675,-0.017648336
2026-04-13,0.029047277,0.027133923,0.0019133538
2026-04-15,0.013391861,0.023934273,-0.010542412
2026-04-16,7.4425356e-05,0.03525822,-0.035183795
2026-04-17,-0.027252711,0.018900856,-0.046153568
2026-04-20,0.0018337856,0.009334699,-0.007500914
2026-04-21,0.026306048,0.009402706,0.01690334
2026-04-22,0.046472397,0.009153068,0.03731933
2026-04-23,0.06505882,0.007395975,0.057662845
2026-04-24,0.07757192,0.0027648662,0.074807055
2026-04-27,0.07124024,0.0037780334,0.067462206
2026-04-28,0.053783532,0.0038824643,0.04990107
2026-04-29,0.008769468,0.0032214262,0.0055480422
2026-04-30,0.003774044,0.018882437,-0.015108393
2026-05-01,0.0030751342,0.13191749,-0.12884235
2026-05-04,-0.05119269,0.008120023,-0.059312712
2026-05-05,-0.06805137,0.008592127,-0.0766435
2026-05-06,-0.055010762,0.003477887,-0.05848865
2026-05-07,-0.051803302,0.010168464,-0.061971765
2026-05-08,-0.06884053,0.018262576,-0.08710311
2026-05-11,-0.037674636,0.009905458,-0.047580093
2026-05-12,-0.030278629,0.009840555,-0.040119182
2026-05-13,0.0006622772,0.0094536105,-0.008791333
2026-05-14,-0.008958785,0.0074517746,-0.01641056
2026-05-15,0.01354383,0.0018828815,0.011660948
2026-05-18,0.019013418,0.002606721,0.016406696
